eoa,points
0x0147A2D38AcC12B88432F49B9A1dAc86f6793220,100
0x529656620D914443405A55ec42Ad0eAEaF0b4A2c,100
0x88065DF7c416226ED873aF5c4EEC66FE3c1E0eB0,100
0x49526BEabb9b58D07787Ac429DD48a3c12e3ad9C,100
0xda68a8f7dadaed387be410bbd172e8af4ee383a7,100
0x7C817F5E30aa68DB39B6130E7cA247C5C4746084,100
0x8D106c747CD21272D4C9Ff0Af8d53A9C9AcA25d2,100
0x17736ded6d80472e94db70095D87118BfDD682Fd,100
0x070164b2885B4716Ff04bC7bbC5bb86b3eA8d113,100
0x252e3267b0396be97656e5f667286988b4d0f3dd,100
0x0F6809F42975EB4e72Dd1b03BE72B8a9eeC5ADa2,100
0xbf48ae27DB0E8161d52CCa2cEf0bFb51bDf5C7Be,100
0x62beE234b4066af4709DeE5FD3FFCed6782f5C0D,100
0xc2b5f67dA9F6A57469441F76c2f47982c6684c00,100
0xcDEF60555F963729D7AA5363d04E46379a5722bB,100
0x698A00C4546432b2ad17629Ee68b95783800321D,100
0x5fdda7af5c313c29658536abe7ca825e249a9b75,100
0x9E33557b6d2298d6eDa73aD38A6C7D10947b2A7C,100
0xf74E2adF92d884aD9be5C0357A6E3a571e5a03fC,100
0x05b5BBc2A62D4C08C842b7112820bDec352c4F31,100
0x678fDb6D4ead7f228Ab4F58F1628dd62D487d67F,100
0x9255a776c1103e88b4d876c118755cf0939826ee,100
0xE9DadBDcDC8033b34e84fd63129a85F21d3875Ca,100
0x70b2EE03eD78855C612f9cA0BeD658aa740d24C1,300
0xC13ccf23E4e4709E41fC468a8C7e353c69bf94EF,300
0xa16A056E38CCE743d02dcdE487d2fFDfbc9a7637,300
0x31c750fbf0a242c8b186b8017f26a18eb97d93dc,300
0xe1fd653CD5eA03d20D7e78F5Fa0Adb1918F3EcEa,300
0x5f2D7B79D8Cdd86Df4927d379BD29d602B59467C,300
0x2aCEb950108c82dF3fe8DDF543e61822233BDDe0,300
0x79B8BDaEd766B1222494822F235C004355b230D1,300
0xFeb623adaF1821dE8a0689d544c672269D736743,300
0x6730ec36CcdF14D675775F1A16bbb34e79BCF19c,300
0xc5de8C6dbc7BEE4D054C62981D28963c6A783dD9,300
0x1f117e07ca8c0fbfadc07289a721f48ffec9da68,300
0xF07836A5DABBD30b457bC87A632795Fa563da007,300
0xDE9EDb7659FfC872A5661331dbd9b6657227E577,300
0x47F9101283cf65337ef6965f75dFf8C1bad7176d,300
0x7C817F5E30aa68DB39B6130E7cA247C5C4746084,300
0x260f6e73c7075161b21b786e13e64f880c967a33,300
0xd0be4438f263e1c5f3be418a5abe2dc37fe0fe37,300
0x8d23781aAF15fF220555E87BB57B4504D06814C4,300
0x252e3267b0396be97656e5f667286988b4d0f3dd,300
0xcDEF60555F963729D7AA5363d04E46379a5722bB,300
0xF935Fb60eaD7A6B03e805574D8fce63b5F8fC9Da,300
0x5b8B75B157DaA5BB752692dB47C1C3e5a78fE9F2,300
0xd74de0C9eA59307ca8f1BEFFFB6f941947E93Be3,300
0xdc258cd32c189ce25ac494550b489895589c0819,300
0xe12f8e5309682cdea4a3f7160fbb25d0d111d9b7,300
0x6B24Ae36408daD6e1F349e64Fea5BDd41b2639F8,300
0x698A00C4546432b2ad17629Ee68b95783800321D,300
0x49526BEabb9b58D07787Ac429DD48a3c12e3ad9C,300
0x62bee234b4066af4709dee5fd3ffced6782f5c0d,300
0x3AA6605d87f611E43aD0a64740d6BeF9b80FCD2C,300
0x55D24E5b7fa7F09e015C3237B1A98330534CCE94,300
0x349825E811352962BD668277910E1895c41190F6,300
0x88065DF7c416226ED873aF5c4EEC66FE3c1E0eB0,300
0xA0585e4979C1310c52FDA8C6b19817c3c61604D0,300
0x1a450552c74973f69edf036bb26617cfe41c73fb,300
0x39043f5b5ee9df333d0bf544b67c27d8284f69a1,300
0x2f45724d7E384b38D5C97206e78470544304887F,300
0x352777b04aa9f0e75ba30208b393b7e82d3126f4,300
0xd97ca6c9ad7542b4df14c1237b4994eb76f5e5ee,300
0xd3d415CBf39ECb1C071b6b66CC15aAF269852b10,300
0x180080c1F3B901FF901e8C36837aF84e1dCdFcfA,300
0x4B4047f5E21754bCb3cba528C4A044F1875C79Cf,300
0x35d817ea8D99F4dfd85a42C3125b2c76588eD748,300
0xb7b5fccee6c12fcf56025f594d836493702e3c1c,300
0x9a7AeC9fee56e448A52277AfE3E8237F89522F3b,300
0xc7bd8ee14f2fb684c49bc5c0ccf57daab6a2a547,300
0x7f964c696016c7542722298758fbbb24E983B8Eb,300
0x121e7ef1b238758e6f8fbd3fb3f3865d373fd7cd,300
0xD3DEA3Ad56E8bc4196f6b98D308B4B67a6A9f6d4,300
0xa71a84633d95c7b031d3c900549d1bcf759b4be7,300
0x93Ee59B236fD1Af89619B3B420E4F96718EFE1fa,300
0xdac4dabed370d1d0e3edf6e02fdd140080e568fd,300
0x7623c4759b1b4ba96f963a3898d001b93f0d93f3,300
0x678fDb6D4ead7f228Ab4F58F1628dd62D487d67F,300
0xa71a84633d95c7b031d3c900549d1bcf759b4be7,300
0xd5f8c0a39caf157bd81d13dc95769caca4054339,300
0x612d6ac2295eccf280d3fe854356bc9a489e0acd,300
0x140DAAD3f2DdF2CCe32436CA6265c4BBD1ccef92,300
0xdd128741b7c6f40bcab60544cb75bef971a14d6a,300
0x5f4e0b6F3b90e3051b2562BC36d30542b19a5963,300
0x910b5f28fe7c9e31c9deb6813655cae8f336a553,300
0x1703fa252a767a7b67f57d357ef569db151671ee,300
0x974b5e6073c9166fd1ccf5029e20af199856b5d5,300
0x8bf5785f1823b9b281df0e0c89530fba60d286f2,300
0x2e7B05c3De55Ab1533C7d951727965355a7D0685,300
0x952b89bb2ee3577e96a16150f9677ec290cc4e88,300
0xb5351d04a8704bd9b1329647dd31d808be344e28,300
0x17736ded6d80472e94db70095D87118BfDD682Fd,300
0xc8da0c2b229de11eea1a596484fe75a1bb555c31,300
0xf53c753d74270cddd441fdd6079a52b527e0cb4b,300
0x026be68a597b19a7663753ab4958911487d1e3cc,300
0x1e9eadee5e2587a5c1327351248251146a0e7eed,300
0x53F773f4456DC13Bd06e2b48B0E8665eE7a327DC,300
0xcd800b91ffffa5689c4296f60cd924d6170067f3,300
0x04883d2594f79d49da0c793d8df898a51d6aa54f,300
0x3D4B04570D61f42577859C3fA7AC839b8948054C,300
0x2139C0AeFa2fA14c277cA7980594EF72764679aA,300
0x8D106c747CD21272D4C9Ff0Af8d53A9C9AcA25d2,300
0xA9821681fEF27Ed817DF77E476DDDAf0aDac4443,300
0x627D4071EB5fE32bf0e467e90EE9678c6EACe069,300
0x5C0Aed74917667f07786947Ed677A7E3c808e006,300
0x05060aB771834Cd3f69733ffbb9795E6231D815b,300
0xFB7208e979C3e18Dc198661b5002D885EE97850B,300
0x57B8D62bD38cfc9c4D3f50b020F98a1C97BcdFfa,300
0xb3e70737e44385f4a4d6110e42d61cc084b18c8b,300
0x4dE4bAd3c0528cE1703EBaA9B58db7b05BE4AFdf,300
0xd13cf36b646adcad473523f7b32baa74f4f8f502,300
0x2fdf83bdFd835cf4723E6b02cE1Ba301c149a535,300
0xD0836900D2114028cE36ABa42aF771F25783b6e7,300
0xB74d79623e338CbE38e971F6a1A1690c886fF124,300
0x82565fe670cb58b8ad98b884334445fcdbc1900f,300
0x20DbFE1A1D043898Effc61F5341a03d9aDe13F87,300
0x1E27C17432ABfF8E314b421BE50c63a42d3e95E0,300
0xCc4f1cb6064A69aC83A5133FFCf09217ae33c2CF,300
0xc47F2266b6076b79C0a6a9906C6592b34C03c914,300
0x68599057D850C6f99B05fE3B2fb6F4900e9596EB,300
0x47C1fC1700f72e08D5f4bf77b2D6916C21dC9Eb6,300
0x89Df1F9aCea150548C9CBC2F1591812B9A3e3a9d,300
0x9f00c8231cd2a680701A0e34667B52A0b96a20e5,300
0x43C0347D035EB1b4B3a0d35ea483ab9680f6a097,300
0x64B92f0eeACc42FB4d885016410Bc37763d3412e,300
0xD10253614E2a6354DaF36b751fCD55E98f607207,300
0xcc7842f66fa9a8ab6920854ec3db9517aad9bbce,300
0xb8d4bCe37e27F1F02F224EA13a261388B6b6C257,300
0xDEf4812Cb563C6eC784E8AE38A11dAe230E1B134,300
0x5D2534719706d65095019c10bb1fe5903E79AD63,300
0xca04C1bDe4eF2d410eeB6CB5cEF8E14916F18dab,300
0x9039aC4Cf19f583Ebb1c8E3b5b7AcfFF08F9912b,300
0xe191fd642526080938ac53ba1966ffe196d238c0,300
0xc7400C9fB60ff8e24D52179f360C86f1c21A7adC,300
0x166b2b616b22C290b84DC9a84dCe267ce7595307,300
0xE20e4722f01B6E78C1a7D9d1b9De7576e4e2d11a,300
0xD0bF1A780FDcB600836Cce48d8574d7082132439,300
0x893Ed6ee86C37c1f47bc9B2d6678f65F55815E61,300
0xd3C6f4e8276e31f82824171E3D87fEa25faeAA12,300
0x64e4c58c37a88d6c7502dD17Ca42F01A433797DA,300
0x2255dC40742b089A15B6b6fef6F675E6F146f525,300
0x6b635491bd507fe8f6734517021e66102fe3217a,300
0x9EbdBE774aBE1B97703107aCb50275ADe3B8Fc5a,300
0xf6c6b1e162e013b51ff954ebf1e84dd4d3b5b34c,300
0x6D1A5b7CD1e54B04BcD74e3978b824b2c0C45080,300
0x578d4d610bd0984dba26421f8923168416b90dda,300
0xDB8175dFa21845cA61F0076acC61e173914D4E17,300
0x7991Ea478bc3FF1028Bf220B4356f9aca2410cC4,300
0xda68a8f7dadaed387be410bbd172e8af4ee383a7,300
0x83694e1f311a8a0e30f6e21afda4a35e5516481e,300
0xc2a72f636e12e272fcb41fc08327702c81d26e5d,300
0x27756334f9dd3c3c0820e2f714a487158d2d4340,300
0xE3B51Ca711d3fa524F3bF78b3069a14DD70e6CEe,300
0xdebbb895d9f77695c88fc8b51d7f3c9df81cdbc3,300
0xd7a3c4aea44a4455905d602b22dd7b165a9e7ff2,300
0x02c80a9f2ef2e1823ac18b1b68a10f5ee926cbfc,300
0x11e90abf73eb4ffd9c93f4e111b79ae6ea8c242d,300
0xca0c8c28EC2f352649B3b9D2b8C673E6254142D6,300
0x9c1706e5ae167b95a20d675c2d710b1b0b6437b4,300
0x9c2e6d5a97352eaf6e732483031f9a2ff00f4635,300
0x5374bB6dEc66605c4332add186a884a0658241Ac,300
0xd5447cbb0b1a106ae380cb031f5967e2c8f8d4cb,300
0x9c2e6d5a97352eaf6e732483031f9a2ff00f4635,300
0x7ab7ef097143c51491b183ce1386e661256c5a37,300
0x6ad0f7e6f008fadcde9cf73b6819ed42359bbca7,300
0x5f4540b664d31bb937b8f958cb249afb98e5ca3d,300
0x9BD215C2530dF574657510B2F991d5C326df7C50,300
0x54cd93891a1b98765b38c3549d34e107ea189459,300
0x7077632921154cc2c42d93813c848157a20767b3,300
0xa1f6712f696f96f9464331bbdcc085ecc0164232,300
0xd2089f516ca21e4b468505df6cc9361682e36524,300
0x0c597b29ae0826514cb28fab40aaeca6d4802ef5,300
0xd2089f516ca21e4b468505df6cc9361682e36524,300
0xF4b40B20572D117EAD7b5ca3C7eFf7d3CBdC4067,300
0xb4e54c164f477b4db6b56c6ec880aa9a0c6b6c46,300
0x9da35f87ac8c59f0ea1784260deddc30eddecbb5,300
0x56d7fc055eca38cd799a68e9f8509c11c62fc1ee,300
0xbdbac1d1c104269c5a29fa79251d29b32658fbf1,300
0x0b6e59a1f9460ad1dfe7e63608fcb27611140425,300
0x8b8fe2ce762d29f5be3a45e11c653b2b89195e75,300
0x1D1BebB6734B75424F00902bF90c86735e52319C,300
0x4f467ce26ffe4414d1b912c9ea689a01c9e95798,300
0x5d7d60a24bdd229eccef7c18c19104b0d2418dc1,300
0x4bc2ea2f9be0954dc0d597215ee4effbca8581c5,300
0xc4ccDAc2d887Fe34567029b856ca30a2827C5CAe,300
0x0636B47164ea3099C6FC39c52A3f4b7B7Ecaa03B,300
0x73c77d0bced37c5a4e83f072e74dfb18678de481,300
0x64286deb8f29abb73ff9377232ad9c1bb7800f9e,300
0x83a2c0b17113229e17496e0d032bdc0b488eb75b,300
0x523fc69a40cc6b089689506137bc7dcaa16aa58d,300
0x3ce9e71775a224fbe258d40617c2f94924eadbf4,300
0xd88e1d96dd3fc3929cc0e944866e8e6dcc3013e0,300
0x5d3bdad1f8f9546a165daff6c04ad8762a19adfc,300
0x172973f4070a40391372216dd778b650f77b4e96,300
0x94949a41fEF4039cd04Be7E373dF0ea018ec89B5,300
0xd753361744d896d12f17ae67c2d662e7e88973f2,300
0x313136565de9b00a831040e0201d885eaad5e2fe,300
0x38a8996f3e2588b8b4f0486e7c2836145c2f2ff0,300
0x62e77a4c7bac6f54927b164b5cf7ac981cbb8f4d,300
0x697825c96029920b3ba9a9292cb60cb4918f5753,300
0x2f73ff2a6f0bbd147fd7fc6ed17e1d862c973190,300
0x43bbe8b1717374416557a72918cfa1ac373ba4f6,300
0xfe7aec90c8e92a72e9b2124fc14d639021360a54,300
0x1d0860678bd0ec19a20afeb80fd2fb963d5526a2,300
0x887d45c733fa5fec5395639a6a06e11d3da48828,300
0xd18c5c4584251dbc51d6b63531abb7983bbdc694,300
0xb2c90b9450fb9583f5f9ab6e6278b00bca3ae48d,300
0x7c3a09850799d288df874deb794f4ea83d07c86b,300
0xf5E8dC5A25B72CB33446E8f176bbdB27e54757F8,300
0x0e12a5cadc9703c3ac4a734c783b65740d5c8034,300
0xbaa28c603cf57a1516827557bea3c27ea407419f,300
0xb7d61203054c42d297a756c18d7a693e76ae6fd6,300
0xEa3af5B7577E34d5823324f65b5f4B4d6D799D69,300
0x13a28b87d71bddbf189b82861cf1701ee300c301,300
0xc3adb4273a6ffb24005dd78a797f0d0a7c99b1c0,300
0x62f0ce0b067a46d24a0ba7432fe46f808ce97b05,300
0x23d13cf6fbfa9f4b88e3d371426e11483f126c8e,300
0x81876bd3ca474a2fa683a91029408de7cb682bdd,300
0xbc0dc3012db98642e57d50ca03613eb1e4b22240,300
0xb75844d7a8fe6535a2fcd84b02227bb824828d5f,300
0xb344ebd80ed0d6f319815b900843d3752dee7850,300
0x2c61363d6fb515551fa23203c3bae52858373e52,300
0x4c6e300aDad0A362f8985A929245e83a9356F80e,300
0xeC44aA9632190B9e8F68E66E043e2A7A5697e9A7,300
0xF9b37309bFCa20f63DC59c9793de310Dc01F7766,300
0x05b5BBc2A62D4C08C842b7112820bDec352c4F31,300
0x904a1b2DA69532D25b2a84D75184777656930E85,300
0x8DB08ae2Cf033cE3FbAB6B638a44efe4C2a6B29A,300
0xf232b14c9660Fb62DBAFed068010d772110E9Ab0,300
0x572613a9a35c46599c4cc625b89609962d4d5934,300
0x5D29f06397ed18507d9b384073240160eE0Bef17,300
0x0e55566617EAFB06Dad82887649CaE42f2f11ce9,300
0xD5f7de24BA1f214975Ad0081A8209e6C6dB9c890,300
0xb6e8d5bbadc5869f744634b92cb3d8e1e480e88e,300
0x1aa9ad04df4ff59eeb145b4b8ba63248223caefd,300
0xb6640ab6a652c06dcc547c8fd8ee41b39cb3d58e,300
0x5a6fc56cb59aec4e54ead576dd08f3ff05ebb819,300
0xcf535946ae8ee933b3e5cf134aeaf2ce4c2ba2ca,300
0xd206a0694e797fa366c5b9226b4fa9862a809668,300
0x602ee0394022cfbec1e1a9d7e07bc2d8a96f8d61,300
0x58f474325151104760c7cc7ca6b5be2e20438205,300
0x9732606c14c4ed7dd7d9a4ff30b5e92a17299850,300
0xaa8f605887bc889aac5bd9c6adae0f34f052782c,300
0x9732606c14c4ed7dd7d9a4ff30b5e92a17299850,300
0x65c78abcef5e79ab6455d71c5028055e1a27748f,300
0x91028382013112abe9e7d65BB4Ec2f5336142170,300
0xdb5ca06c476d22b292182734ad4fc2d5c75b6c85,300
0x0b99f6b4f279ee6be7a83056c7f34175e9c0fcb7,300
0xf9be1441fb5a4d7f1376a9caa08d8af84d5855d9,300
0x0d569bea7a9e5ae26860c33747cedad0ab5bbeb2,300
0x73d3bcecfa78d865f399f280146998b388109aca,300
0x3df5fdb227cd756a230b1bd0adc3b78022940df7,300
0x9b19fd445b17b8f78569c8da67f3aaf214d4fd16,300
0x5cdc118c5742127c0963c790adf7eb0cb114ff7a,300
0xd0027866afd54deff1bf66cbaf696dde23e13a9f,300
0x6cccbba695c5c3f3f5f0cdd52ebffd589018c4b8,300
0x1daa478036c3e955d7a22ef309457963f8489ec5,300
0x263b148aaf3f702c884dad5bdc94d51c1b92737e,300
0x935097525922ce32e30e36f5e7ccffdf69a370b2,300
0x83ea551bed8cf858936da56d79606158e189a556,300
0x9fc62b821f72bafb71ed81aa808b6c2ef6ae0af9,300
0x09d9b4d1059b986ef5cc8e13385c29e5c0f15074,300
0x3fe84667459ee566e4e9033cfe67b896871fa2da,300
0x723554ba8578ae483293bed59dbdb0532d959734,300
0x61cd5646f4e6048c47344cf948dc048975e996cd,300
0x44d1d08522cf2dac82e53f4ed47440e9d512b595,300
0x80b9d0b16c7b412f2343c92b16dcb567cb564f74,300
0xa17259d7c30dc95063b3a523db5d2ee5d2b26e28,300
0xd89963f94f211e8d575913b95ff5885296e73024,300
0x381b1ccadfaa3c4c5302c4fccab9a7bfa817d321,300
0xdc7371bb474a5af9075568d599d36daeae2955c1,300
0xa5e0fb554f9fd21b0d2dc04b80fcc7ee1f05569f,300
0x529656620D914443405A55ec42Ad0eAEaF0b4A2c,300
0xe182513ac561df9b4cfcda2a0fbd5c773ebece51,300
0xe97abb593c908d78790ff5f515d4817e5bbfbf24,300
0x7eaa6e092632ee1c65a2a139599b26a4eb73f700,300
0x5911f14a1d9e2fce51f2801b5306e6a07c769da3,300
0xe5303066891e98bb422e33c0f6ce7e1662c12c43,300
0xce80789ba9cfebbfc71098d87bd72149f1620c5f,300
0x551bda14f9df59e5b047bfdb51091bfebde9f0a1,300
0x895b6b955b48efc99deb4597ce10ca3b068c9f90,300
0x61bc7f60bf4e7ebf4fa9e7cffa48cd10670b6481,300
0x229e947b98116daed3e46c6d9d460907adc8ffb6,300
0xa22107eCc1F8D2A343C71866965e4E3f4B3E14E8,300
0x4cde2f8811b164809864d5d2dca9777be4a234ba,300
0x4669153f80229B6b7d37C9b26d36392C0C56FBB8,300
0x12c813b4b4a6a96a76f2cf601a5a33b9f4df968c,300
0x3d14cf74efd792b53a08592c059b3e3ce0fe004e,300
0xdd16e1189542acb7dd2837520418e4a2d168cb1a,300
0x30246d3e7eb36fa6f7298b8a79c09b04d5decca7,300
0x93c80e5a8ab29d85dd654eadcd4fe36b762d098a,300
0x490552cec4e083049924e6fa3ca36c714b539dd0,300
0x505e70b7ab01ec5c1c2e8f4a6276af9286e45ca4,300
0x0661425db3bd7f17578598692db7353bab74b765,300
0x5f1b654Bec9f996B3B0EebF8D22FD77751b99210,300
0x6f15a9d93c72de1436f07841e18bc64e01b16b15,300
0xc210716539e639209af5a28c14441f90480e8425,300
0x0ab02c3af6108a5883357453127bd6edf26c07d0,300
0xec1e614973b9cf155d7540cc5b028b0d1fdf46bb,300
0xe506E0d7e1F7A33cb777390F5Dc9068191A55894,300
0x039f538555b99565aF40c9a6937aBF52a67394ce,300
0x6D7D1FC271dB84403253Fd0Af8C73075e79Ca520,300
0x0F38Fff7504EAF5f9B5124e3721907737Cc16d55,300
0x941aC5A319A952a14Eb3603d04725D5Bf12ccff6,300
0x51670478Df1B435B89Ad9bdAc14Bf44Dd35B2c2E,300
0x7c69fDD81B7E15C18BB892A7CFC1F67cbD6ff87F,300
0x9f0bAd8e647a2470dC2174c203135845533F610f,300
0x74f4Ae21781204bd10485fe204E1E1023933C211,300
0x93b39Db22E39b93a55549565a0C0D008A35573fa,300
0x9803C5366c5a873d7cc069AF51662A7cEde4D754,300
0x5847885789eC0932781Fcab2dd31215DF37a297E,300
0xe7cc2E1Da8A9D1F039A2B8fdf17DC364B091E020,300
0xdC102Dcf310cbF9EB601756b9e86A49cA07932cd,300
0x5Ee233c174e8E1DdD1C6594d3C5941c32EB42C22,300
0x5E2261126Ce5ff3399433d2FFD1F85E606A50302,300
0x6f83573a5c25c8714f7d3E2239af3E0eC23Dc943,300
0x407425cB78339F5cf3930e2Cb26153Dd7Fd1f739,300
0xa7F053d0a4dF46577428B84Fb3A59e98775eE698,300
0xC6289FaB72E533A25FF93dd67A2f76052449D27D,300
0x83096705B33D400eFecd638c8EdFB6D71136b71C,300
0xB771f17EE1F18059c540C4a937d04808bdF87d9E,300
0x90AAd423f94d7b00d1a8fA7Cd1d227b2192c52aa,300
0xB584e434C34a521F6C17f594C25Bd1f45DBFa387,300
0xa547a70F886E4F5c0115a4BbC79E359b8b635258,300
0x0c77204c991201F45708b0f37214cf9964c507B2,300
0x94AFfdaEa9dc8A11F12f68D23Cc4652D77c9f9d0,300
0xbdeAA3Ce160837c9089c45288CFfc93eF0f9Ffb0,300
0xcd0b67a61E5e8F4616c19e421e929813B6D947df,300